{ "frames": {
   "Icons-160 0.ase": {
    "frame": { "x": 0, "y": 0, "w": 160, "h": 160 },
    "rotated": false,
    "trimmed": false,
    "spriteSourceSize": { "x": 0, "y": 0, "w": 160, "h": 160 },
    "sourceSize": { "w": 160, "h": 160 },
    "duration": 100
   },
   "Icons-160 1.ase": {
    "frame": { "x": 160, "y": 0, "w": 160, "h": 160 },
    "rotated": false,
    "trimmed": false,
    "spriteSourceSize": { "x": 0, "y": 0, "w": 160, "h": 160 },
    "sourceSize": { "w": 160, "h": 160 },
    "duration": 100
   },
   "Icons-160 2.ase": {
    "frame": { "x": 320, "y": 0, "w": 160, "h": 160 },
    "rotated": false,
    "trimmed": false,
    "spriteSourceSize": { "x": 0, "y": 0, "w": 160, "h": 160 },
    "sourceSize": { "w": 160, "h": 160 },
    "duration": 100
   },
   "Icons-160 3.ase": {
    "frame": { "x": 480, "y": 0, "w": 160, "h": 160 },
    "rotated": false,
    "trimmed": false,
    "spriteSourceSize": { "x": 0, "y": 0, "w": 160, "h": 160 },
    "sourceSize": { "w": 160, "h": 160 },
    "duration": 100
   },
   "Icons-160 4.ase": {
    "frame": { "x": 640, "y": 0, "w": 160, "h": 160 },
    "rotated": false,
    "trimmed": false,
    "spriteSourceSize": { "x": 0, "y": 0, "w": 160, "h": 160 },
    "sourceSize": { "w": 160, "h": 160 },
    "duration": 100
   },
   "Icons-160 5.ase": {
    "frame": { "x": 800, "y": 0, "w": 160, "h": 160 },
    "rotated": false,
    "trimmed": false,
    "spriteSourceSize": { "x": 0, "y": 0, "w": 160, "h": 160 },
    "sourceSize": { "w": 160, "h": 160 },
    "duration": 100
   },
   "Icons-160 6.ase": {
    "frame": { "x": 960, "y": 0, "w": 160, "h": 160 },
    "rotated": false,
    "trimmed": false,
    "spriteSourceSize": { "x": 0, "y": 0, "w": 160, "h": 160 },
    "sourceSize": { "w": 160, "h": 160 },
    "duration": 100
   },
   "Icons-160 7.ase": {
    "frame": { "x": 1120, "y": 0, "w": 160, "h": 160 },
    "rotated": false,
    "trimmed": false,
    "spriteSourceSize": { "x": 0, "y": 0, "w": 160, "h": 160 },
    "sourceSize": { "w": 160, "h": 160 },
    "duration": 100
   },
   "Icons-160 8.ase": {
    "frame": { "x": 1280, "y": 0, "w": 160, "h": 160 },
    "rotated": false,
    "trimmed": false,
    "spriteSourceSize": { "x": 0, "y": 0, "w": 160, "h": 160 },
    "sourceSize": { "w": 160, "h": 160 },
    "duration": 100
   },
   "Icons-160 9.ase": {
    "frame": { "x": 0, "y": 160, "w": 160, "h": 160 },
    "rotated": false,
    "trimmed": false,
    "spriteSourceSize": { "x": 0, "y": 0, "w": 160, "h": 160 },
    "sourceSize": { "w": 160, "h": 160 },
    "duration": 100
   },
   "Icons-160 10.ase": {
    "frame": { "x": 160, "y": 160, "w": 160, "h": 160 },
    "rotated": false,
    "trimmed": false,
    "spriteSourceSize": { "x": 0, "y": 0, "w": 160, "h": 160 },
    "sourceSize": { "w": 160, "h": 160 },
    "duration": 100
   },
   "Icons-160 11.ase": {
    "frame": { "x": 320, "y": 160, "w": 160, "h": 160 },
    "rotated": false,
    "trimmed": false,
    "spriteSourceSize": { "x": 0, "y": 0, "w": 160, "h": 160 },
    "sourceSize": { "w": 160, "h": 160 },
    "duration": 100
   },
   "Icons-160 12.ase": {
    "frame": { "x": 480, "y": 160, "w": 160, "h": 160 },
    "rotated": false,
    "trimmed": false,
    "spriteSourceSize": { "x": 0, "y": 0, "w": 160, "h": 160 },
    "sourceSize": { "w": 160, "h": 160 },
    "duration": 100
   },
   "Icons-160 13.ase": {
    "frame": { "x": 640, "y": 160, "w": 160, "h": 160 },
    "rotated": false,
    "trimmed": false,
    "spriteSourceSize": { "x": 0, "y": 0, "w": 160, "h": 160 },
    "sourceSize": { "w": 160, "h": 160 },
    "duration": 100
   },
   "Icons-160 14.ase": {
    "frame": { "x": 800, "y": 160, "w": 160, "h": 160 },
    "rotated": false,
    "trimmed": false,
    "spriteSourceSize": { "x": 0, "y": 0, "w": 160, "h": 160 },
    "sourceSize": { "w": 160, "h": 160 },
    "duration": 100
   },
   "Icons-160 15.ase": {
    "frame": { "x": 960, "y": 160, "w": 160, "h": 160 },
    "rotated": false,
    "trimmed": false,
    "spriteSourceSize": { "x": 0, "y": 0, "w": 160, "h": 160 },
    "sourceSize": { "w": 160, "h": 160 },
    "duration": 100
   },
   "Icons-160 16.ase": {
    "frame": { "x": 1120, "y": 160, "w": 160, "h": 160 },
    "rotated": false,
    "trimmed": false,
    "spriteSourceSize": { "x": 0, "y": 0, "w": 160, "h": 160 },
    "sourceSize": { "w": 160, "h": 160 },
    "duration": 100
   },
   "Icons-160 17.ase": {
    "frame": { "x": 1280, "y": 160, "w": 160, "h": 160 },
    "rotated": false,
    "trimmed": false,
    "spriteSourceSize": { "x": 0, "y": 0, "w": 160, "h": 160 },
    "sourceSize": { "w": 160, "h": 160 },
    "duration": 100
   },
   "Icons-160 18.ase": {
    "frame": { "x": 0, "y": 320, "w": 160, "h": 160 },
    "rotated": false,
    "trimmed": false,
    "spriteSourceSize": { "x": 0, "y": 0, "w": 160, "h": 160 },
    "sourceSize": { "w": 160, "h": 160 },
    "duration": 100
   },
   "Icons-160 19.ase": {
    "frame": { "x": 160, "y": 320, "w": 160, "h": 160 },
    "rotated": false,
    "trimmed": false,
    "spriteSourceSize": { "x": 0, "y": 0, "w": 160, "h": 160 },
    "sourceSize": { "w": 160, "h": 160 },
    "duration": 100
   },
   "Icons-160 20.ase": {
    "frame": { "x": 320, "y": 320, "w": 160, "h": 160 },
    "rotated": false,
    "trimmed": false,
    "spriteSourceSize": { "x": 0, "y": 0, "w": 160, "h": 160 },
    "sourceSize": { "w": 160, "h": 160 },
    "duration": 100
   },
   "Icons-160 21.ase": {
    "frame": { "x": 480, "y": 320, "w": 160, "h": 160 },
    "rotated": false,
    "trimmed": false,
    "spriteSourceSize": { "x": 0, "y": 0, "w": 160, "h": 160 },
    "sourceSize": { "w": 160, "h": 160 },
    "duration": 100
   },
   "Icons-160 22.ase": {
    "frame": { "x": 640, "y": 320, "w": 160, "h": 160 },
    "rotated": false,
    "trimmed": false,
    "spriteSourceSize": { "x": 0, "y": 0, "w": 160, "h": 160 },
    "sourceSize": { "w": 160, "h": 160 },
    "duration": 100
   },
   "Icons-160 23.ase": {
    "frame": { "x": 800, "y": 320, "w": 160, "h": 160 },
    "rotated": false,
    "trimmed": false,
    "spriteSourceSize": { "x": 0, "y": 0, "w": 160, "h": 160 },
    "sourceSize": { "w": 160, "h": 160 },
    "duration": 100
   },
   "Icons-160 24.ase": {
    "frame": { "x": 960, "y": 320, "w": 160, "h": 160 },
    "rotated": false,
    "trimmed": false,
    "spriteSourceSize": { "x": 0, "y": 0, "w": 160, "h": 160 },
    "sourceSize": { "w": 160, "h": 160 },
    "duration": 100
   },
   "Icons-160 25.ase": {
    "frame": { "x": 1120, "y": 320, "w": 160, "h": 160 },
    "rotated": false,
    "trimmed": false,
    "spriteSourceSize": { "x": 0, "y": 0, "w": 160, "h": 160 },
    "sourceSize": { "w": 160, "h": 160 },
    "duration": 100
   },
   "Icons-160 26.ase": {
    "frame": { "x": 1280, "y": 320, "w": 160, "h": 160 },
    "rotated": false,
    "trimmed": false,
    "spriteSourceSize": { "x": 0, "y": 0, "w": 160, "h": 160 },
    "sourceSize": { "w": 160, "h": 160 },
    "duration": 100
   },
   "Icons-160 27.ase": {
    "frame": { "x": 0, "y": 480, "w": 160, "h": 160 },
    "rotated": false,
    "trimmed": false,
    "spriteSourceSize": { "x": 0, "y": 0, "w": 160, "h": 160 },
    "sourceSize": { "w": 160, "h": 160 },
    "duration": 100
   },
   "Icons-160 28.ase": {
    "frame": { "x": 160, "y": 480, "w": 160, "h": 160 },
    "rotated": false,
    "trimmed": false,
    "spriteSourceSize": { "x": 0, "y": 0, "w": 160, "h": 160 },
    "sourceSize": { "w": 160, "h": 160 },
    "duration": 100
   },
   "Icons-160 29.ase": {
    "frame": { "x": 320, "y": 480, "w": 160, "h": 160 },
    "rotated": false,
    "trimmed": false,
    "spriteSourceSize": { "x": 0, "y": 0, "w": 160, "h": 160 },
    "sourceSize": { "w": 160, "h": 160 },
    "duration": 100
   },
   "Icons-160 30.ase": {
    "frame": { "x": 480, "y": 480, "w": 160, "h": 160 },
    "rotated": false,
    "trimmed": false,
    "spriteSourceSize": { "x": 0, "y": 0, "w": 160, "h": 160 },
    "sourceSize": { "w": 160, "h": 160 },
    "duration": 100
   },
   "Icons-160 31.ase": {
    "frame": { "x": 640, "y": 480, "w": 160, "h": 160 },
    "rotated": false,
    "trimmed": false,
    "spriteSourceSize": { "x": 0, "y": 0, "w": 160, "h": 160 },
    "sourceSize": { "w": 160, "h": 160 },
    "duration": 100
   },
   "Icons-160 32.ase": {
    "frame": { "x": 800, "y": 480, "w": 160, "h": 160 },
    "rotated": false,
    "trimmed": false,
    "spriteSourceSize": { "x": 0, "y": 0, "w": 160, "h": 160 },
    "sourceSize": { "w": 160, "h": 160 },
    "duration": 100
   },
   "Icons-160 33.ase": {
    "frame": { "x": 960, "y": 480, "w": 160, "h": 160 },
    "rotated": false,
    "trimmed": false,
    "spriteSourceSize": { "x": 0, "y": 0, "w": 160, "h": 160 },
    "sourceSize": { "w": 160, "h": 160 },
    "duration": 100
   },
   "Icons-160 34.ase": {
    "frame": { "x": 1120, "y": 480, "w": 160, "h": 160 },
    "rotated": false,
    "trimmed": false,
    "spriteSourceSize": { "x": 0, "y": 0, "w": 160, "h": 160 },
    "sourceSize": { "w": 160, "h": 160 },
    "duration": 100
   },
   "Icons-160 35.ase": {
    "frame": { "x": 1280, "y": 480, "w": 160, "h": 160 },
    "rotated": false,
    "trimmed": false,
    "spriteSourceSize": { "x": 0, "y": 0, "w": 160, "h": 160 },
    "sourceSize": { "w": 160, "h": 160 },
    "duration": 100
   },
   "Icons-160 36.ase": {
    "frame": { "x": 0, "y": 640, "w": 160, "h": 160 },
    "rotated": false,
    "trimmed": false,
    "spriteSourceSize": { "x": 0, "y": 0, "w": 160, "h": 160 },
    "sourceSize": { "w": 160, "h": 160 },
    "duration": 100
   },
   "Icons-160 37.ase": {
    "frame": { "x": 160, "y": 640, "w": 160, "h": 160 },
    "rotated": false,
    "trimmed": false,
    "spriteSourceSize": { "x": 0, "y": 0, "w": 160, "h": 160 },
    "sourceSize": { "w": 160, "h": 160 },
    "duration": 100
   },
   "Icons-160 38.ase": {
    "frame": { "x": 320, "y": 640, "w": 160, "h": 160 },
    "rotated": false,
    "trimmed": false,
    "spriteSourceSize": { "x": 0, "y": 0, "w": 160, "h": 160 },
    "sourceSize": { "w": 160, "h": 160 },
    "duration": 100
   },
   "Icons-160 39.ase": {
    "frame": { "x": 480, "y": 640, "w": 160, "h": 160 },
    "rotated": false,
    "trimmed": false,
    "spriteSourceSize": { "x": 0, "y": 0, "w": 160, "h": 160 },
    "sourceSize": { "w": 160, "h": 160 },
    "duration": 100
   },
   "Icons-160 40.ase": {
    "frame": { "x": 640, "y": 640, "w": 160, "h": 160 },
    "rotated": false,
    "trimmed": false,
    "spriteSourceSize": { "x": 0, "y": 0, "w": 160, "h": 160 },
    "sourceSize": { "w": 160, "h": 160 },
    "duration": 100
   },
   "Icons-160 41.ase": {
    "frame": { "x": 800, "y": 640, "w": 160, "h": 160 },
    "rotated": false,
    "trimmed": false,
    "spriteSourceSize": { "x": 0, "y": 0, "w": 160, "h": 160 },
    "sourceSize": { "w": 160, "h": 160 },
    "duration": 100
   },
   "Icons-160 42.ase": {
    "frame": { "x": 960, "y": 640, "w": 160, "h": 160 },
    "rotated": false,
    "trimmed": false,
    "spriteSourceSize": { "x": 0, "y": 0, "w": 160, "h": 160 },
    "sourceSize": { "w": 160, "h": 160 },
    "duration": 100
   },
   "Icons-160 43.ase": {
    "frame": { "x": 1120, "y": 640, "w": 160, "h": 160 },
    "rotated": false,
    "trimmed": false,
    "spriteSourceSize": { "x": 0, "y": 0, "w": 160, "h": 160 },
    "sourceSize": { "w": 160, "h": 160 },
    "duration": 100
   },
   "Icons-160 44.ase": {
    "frame": { "x": 1280, "y": 640, "w": 160, "h": 160 },
    "rotated": false,
    "trimmed": false,
    "spriteSourceSize": { "x": 0, "y": 0, "w": 160, "h": 160 },
    "sourceSize": { "w": 160, "h": 160 },
    "duration": 100
   },
   "Icons-160 45.ase": {
    "frame": { "x": 0, "y": 800, "w": 160, "h": 160 },
    "rotated": false,
    "trimmed": false,
    "spriteSourceSize": { "x": 0, "y": 0, "w": 160, "h": 160 },
    "sourceSize": { "w": 160, "h": 160 },
    "duration": 100
   },
   "Icons-160 46.ase": {
    "frame": { "x": 160, "y": 800, "w": 160, "h": 160 },
    "rotated": false,
    "trimmed": false,
    "spriteSourceSize": { "x": 0, "y": 0, "w": 160, "h": 160 },
    "sourceSize": { "w": 160, "h": 160 },
    "duration": 100
   },
   "Icons-160 47.ase": {
    "frame": { "x": 320, "y": 800, "w": 160, "h": 160 },
    "rotated": false,
    "trimmed": false,
    "spriteSourceSize": { "x": 0, "y": 0, "w": 160, "h": 160 },
    "sourceSize": { "w": 160, "h": 160 },
    "duration": 100
   },
   "Icons-160 48.ase": {
    "frame": { "x": 480, "y": 800, "w": 160, "h": 160 },
    "rotated": false,
    "trimmed": false,
    "spriteSourceSize": { "x": 0, "y": 0, "w": 160, "h": 160 },
    "sourceSize": { "w": 160, "h": 160 },
    "duration": 100
   },
   "Icons-160 49.ase": {
    "frame": { "x": 640, "y": 800, "w": 160, "h": 160 },
    "rotated": false,
    "trimmed": false,
    "spriteSourceSize": { "x": 0, "y": 0, "w": 160, "h": 160 },
    "sourceSize": { "w": 160, "h": 160 },
    "duration": 100
   },
   "Icons-160 50.ase": {
    "frame": { "x": 800, "y": 800, "w": 160, "h": 160 },
    "rotated": false,
    "trimmed": false,
    "spriteSourceSize": { "x": 0, "y": 0, "w": 160, "h": 160 },
    "sourceSize": { "w": 160, "h": 160 },
    "duration": 100
   },
   "Icons-160 51.ase": {
    "frame": { "x": 960, "y": 800, "w": 160, "h": 160 },
    "rotated": false,
    "trimmed": false,
    "spriteSourceSize": { "x": 0, "y": 0, "w": 160, "h": 160 },
    "sourceSize": { "w": 160, "h": 160 },
    "duration": 100
   },
   "Icons-160 52.ase": {
    "frame": { "x": 1120, "y": 800, "w": 160, "h": 160 },
    "rotated": false,
    "trimmed": false,
    "spriteSourceSize": { "x": 0, "y": 0, "w": 160, "h": 160 },
    "sourceSize": { "w": 160, "h": 160 },
    "duration": 100
   },
   "Icons-160 53.ase": {
    "frame": { "x": 1280, "y": 800, "w": 160, "h": 160 },
    "rotated": false,
    "trimmed": false,
    "spriteSourceSize": { "x": 0, "y": 0, "w": 160, "h": 160 },
    "sourceSize": { "w": 160, "h": 160 },
    "duration": 100
   },
   "Icons-160 54.ase": {
    "frame": { "x": 0, "y": 960, "w": 160, "h": 160 },
    "rotated": false,
    "trimmed": false,
    "spriteSourceSize": { "x": 0, "y": 0, "w": 160, "h": 160 },
    "sourceSize": { "w": 160, "h": 160 },
    "duration": 100
   },
   "Icons-160 55.ase": {
    "frame": { "x": 160, "y": 960, "w": 160, "h": 160 },
    "rotated": false,
    "trimmed": false,
    "spriteSourceSize": { "x": 0, "y": 0, "w": 160, "h": 160 },
    "sourceSize": { "w": 160, "h": 160 },
    "duration": 100
   },
   "Icons-160 56.ase": {
    "frame": { "x": 320, "y": 960, "w": 160, "h": 160 },
    "rotated": false,
    "trimmed": false,
    "spriteSourceSize": { "x": 0, "y": 0, "w": 160, "h": 160 },
    "sourceSize": { "w": 160, "h": 160 },
    "duration": 100
   },
   "Icons-160 57.ase": {
    "frame": { "x": 480, "y": 960, "w": 160, "h": 160 },
    "rotated": false,
    "trimmed": false,
    "spriteSourceSize": { "x": 0, "y": 0, "w": 160, "h": 160 },
    "sourceSize": { "w": 160, "h": 160 },
    "duration": 100
   },
   "Icons-160 58.ase": {
    "frame": { "x": 640, "y": 960, "w": 160, "h": 160 },
    "rotated": false,
    "trimmed": false,
    "spriteSourceSize": { "x": 0, "y": 0, "w": 160, "h": 160 },
    "sourceSize": { "w": 160, "h": 160 },
    "duration": 100
   },
   "Icons-160 59.ase": {
    "frame": { "x": 800, "y": 960, "w": 160, "h": 160 },
    "rotated": false,
    "trimmed": false,
    "spriteSourceSize": { "x": 0, "y": 0, "w": 160, "h": 160 },
    "sourceSize": { "w": 160, "h": 160 },
    "duration": 100
   },
   "Icons-160 60.ase": {
    "frame": { "x": 960, "y": 960, "w": 160, "h": 160 },
    "rotated": false,
    "trimmed": false,
    "spriteSourceSize": { "x": 0, "y": 0, "w": 160, "h": 160 },
    "sourceSize": { "w": 160, "h": 160 },
    "duration": 100
   },
   "Icons-160 61.ase": {
    "frame": { "x": 1120, "y": 960, "w": 160, "h": 160 },
    "rotated": false,
    "trimmed": false,
    "spriteSourceSize": { "x": 0, "y": 0, "w": 160, "h": 160 },
    "sourceSize": { "w": 160, "h": 160 },
    "duration": 100
   },
   "Icons-160 62.ase": {
    "frame": { "x": 1280, "y": 960, "w": 160, "h": 160 },
    "rotated": false,
    "trimmed": false,
    "spriteSourceSize": { "x": 0, "y": 0, "w": 160, "h": 160 },
    "sourceSize": { "w": 160, "h": 160 },
    "duration": 100
   },
   "Icons-160 63.ase": {
    "frame": { "x": 0, "y": 1120, "w": 160, "h": 160 },
    "rotated": false,
    "trimmed": false,
    "spriteSourceSize": { "x": 0, "y": 0, "w": 160, "h": 160 },
    "sourceSize": { "w": 160, "h": 160 },
    "duration": 100
   },
   "Icons-160 64.ase": {
    "frame": { "x": 160, "y": 1120, "w": 160, "h": 160 },
    "rotated": false,
    "trimmed": false,
    "spriteSourceSize": { "x": 0, "y": 0, "w": 160, "h": 160 },
    "sourceSize": { "w": 160, "h": 160 },
    "duration": 100
   },
   "Icons-160 65.ase": {
    "frame": { "x": 320, "y": 1120, "w": 160, "h": 160 },
    "rotated": false,
    "trimmed": false,
    "spriteSourceSize": { "x": 0, "y": 0, "w": 160, "h": 160 },
    "sourceSize": { "w": 160, "h": 160 },
    "duration": 100
   },
   "Icons-160 66.ase": {
    "frame": { "x": 480, "y": 1120, "w": 160, "h": 160 },
    "rotated": false,
    "trimmed": false,
    "spriteSourceSize": { "x": 0, "y": 0, "w": 160, "h": 160 },
    "sourceSize": { "w": 160, "h": 160 },
    "duration": 100
   },
   "Icons-160 67.ase": {
    "frame": { "x": 640, "y": 1120, "w": 160, "h": 160 },
    "rotated": false,
    "trimmed": false,
    "spriteSourceSize": { "x": 0, "y": 0, "w": 160, "h": 160 },
    "sourceSize": { "w": 160, "h": 160 },
    "duration": 100
   },
   "Icons-160 68.ase": {
    "frame": { "x": 800, "y": 1120, "w": 160, "h": 160 },
    "rotated": false,
    "trimmed": false,
    "spriteSourceSize": { "x": 0, "y": 0, "w": 160, "h": 160 },
    "sourceSize": { "w": 160, "h": 160 },
    "duration": 100
   },
   "Icons-160 69.ase": {
    "frame": { "x": 960, "y": 1120, "w": 160, "h": 160 },
    "rotated": false,
    "trimmed": false,
    "spriteSourceSize": { "x": 0, "y": 0, "w": 160, "h": 160 },
    "sourceSize": { "w": 160, "h": 160 },
    "duration": 100
   },
   "Icons-160 70.ase": {
    "frame": { "x": 1120, "y": 1120, "w": 160, "h": 160 },
    "rotated": false,
    "trimmed": false,
    "spriteSourceSize": { "x": 0, "y": 0, "w": 160, "h": 160 },
    "sourceSize": { "w": 160, "h": 160 },
    "duration": 100
   },
   "Icons-160 71.ase": {
    "frame": { "x": 1280, "y": 1120, "w": 160, "h": 160 },
    "rotated": false,
    "trimmed": false,
    "spriteSourceSize": { "x": 0, "y": 0, "w": 160, "h": 160 },
    "sourceSize": { "w": 160, "h": 160 },
    "duration": 100
   },
   "Icons-160 72.ase": {
    "frame": { "x": 0, "y": 1280, "w": 160, "h": 160 },
    "rotated": false,
    "trimmed": false,
    "spriteSourceSize": { "x": 0, "y": 0, "w": 160, "h": 160 },
    "sourceSize": { "w": 160, "h": 160 },
    "duration": 100
   },
   "Icons-160 73.ase": {
    "frame": { "x": 160, "y": 1280, "w": 160, "h": 160 },
    "rotated": false,
    "trimmed": false,
    "spriteSourceSize": { "x": 0, "y": 0, "w": 160, "h": 160 },
    "sourceSize": { "w": 160, "h": 160 },
    "duration": 100
   },
   "Icons-160 74.ase": {
    "frame": { "x": 320, "y": 1280, "w": 160, "h": 160 },
    "rotated": false,
    "trimmed": false,
    "spriteSourceSize": { "x": 0, "y": 0, "w": 160, "h": 160 },
    "sourceSize": { "w": 160, "h": 160 },
    "duration": 100
   },
   "Icons-160 75.ase": {
    "frame": { "x": 480, "y": 1280, "w": 160, "h": 160 },
    "rotated": false,
    "trimmed": false,
    "spriteSourceSize": { "x": 0, "y": 0, "w": 160, "h": 160 },
    "sourceSize": { "w": 160, "h": 160 },
    "duration": 100
   },
   "Icons-160 76.ase": {
    "frame": { "x": 640, "y": 1280, "w": 160, "h": 160 },
    "rotated": false,
    "trimmed": false,
    "spriteSourceSize": { "x": 0, "y": 0, "w": 160, "h": 160 },
    "sourceSize": { "w": 160, "h": 160 },
    "duration": 100
   },
   "Icons-160 77.ase": {
    "frame": { "x": 800, "y": 1280, "w": 160, "h": 160 },
    "rotated": false,
    "trimmed": false,
    "spriteSourceSize": { "x": 0, "y": 0, "w": 160, "h": 160 },
    "sourceSize": { "w": 160, "h": 160 },
    "duration": 100
   },
   "Icons-160 78.ase": {
    "frame": { "x": 960, "y": 1280, "w": 160, "h": 160 },
    "rotated": false,
    "trimmed": false,
    "spriteSourceSize": { "x": 0, "y": 0, "w": 160, "h": 160 },
    "sourceSize": { "w": 160, "h": 160 },
    "duration": 100
   },
   "Icons-160 79.ase": {
    "frame": { "x": 1120, "y": 1280, "w": 160, "h": 160 },
    "rotated": false,
    "trimmed": false,
    "spriteSourceSize": { "x": 0, "y": 0, "w": 160, "h": 160 },
    "sourceSize": { "w": 160, "h": 160 },
    "duration": 100
   },
   "Icons-160 80.ase": {
    "frame": { "x": 1280, "y": 1280, "w": 160, "h": 160 },
    "rotated": false,
    "trimmed": false,
    "spriteSourceSize": { "x": 0, "y": 0, "w": 160, "h": 160 },
    "sourceSize": { "w": 160, "h": 160 },
    "duration": 100
   },
   "Icons-160 81.ase": {
    "frame": { "x": 0, "y": 1440, "w": 160, "h": 160 },
    "rotated": false,
    "trimmed": false,
    "spriteSourceSize": { "x": 0, "y": 0, "w": 160, "h": 160 },
    "sourceSize": { "w": 160, "h": 160 },
    "duration": 100
   },
   "Icons-160 82.ase": {
    "frame": { "x": 160, "y": 1440, "w": 160, "h": 160 },
    "rotated": false,
    "trimmed": false,
    "spriteSourceSize": { "x": 0, "y": 0, "w": 160, "h": 160 },
    "sourceSize": { "w": 160, "h": 160 },
    "duration": 100
   },
   "Icons-160 83.ase": {
    "frame": { "x": 320, "y": 1440, "w": 160, "h": 160 },
    "rotated": false,
    "trimmed": false,
    "spriteSourceSize": { "x": 0, "y": 0, "w": 160, "h": 160 },
    "sourceSize": { "w": 160, "h": 160 },
    "duration": 100
   },
   "Icons-160 84.ase": {
    "frame": { "x": 480, "y": 1440, "w": 160, "h": 160 },
    "rotated": false,
    "trimmed": false,
    "spriteSourceSize": { "x": 0, "y": 0, "w": 160, "h": 160 },
    "sourceSize": { "w": 160, "h": 160 },
    "duration": 100
   },
   "Icons-160 85.ase": {
    "frame": { "x": 640, "y": 1440, "w": 160, "h": 160 },
    "rotated": false,
    "trimmed": false,
    "spriteSourceSize": { "x": 0, "y": 0, "w": 160, "h": 160 },
    "sourceSize": { "w": 160, "h": 160 },
    "duration": 100
   },
   "Icons-160 86.ase": {
    "frame": { "x": 800, "y": 1440, "w": 160, "h": 160 },
    "rotated": false,
    "trimmed": false,
    "spriteSourceSize": { "x": 0, "y": 0, "w": 160, "h": 160 },
    "sourceSize": { "w": 160, "h": 160 },
    "duration": 100
   },
   "Icons-160 87.ase": {
    "frame": { "x": 960, "y": 1440, "w": 160, "h": 160 },
    "rotated": false,
    "trimmed": false,
    "spriteSourceSize": { "x": 0, "y": 0, "w": 160, "h": 160 },
    "sourceSize": { "w": 160, "h": 160 },
    "duration": 100
   },
   "Icons-160 88.ase": {
    "frame": { "x": 1120, "y": 1440, "w": 160, "h": 160 },
    "rotated": false,
    "trimmed": false,
    "spriteSourceSize": { "x": 0, "y": 0, "w": 160, "h": 160 },
    "sourceSize": { "w": 160, "h": 160 },
    "duration": 100
   },
   "Icons-160 89.ase": {
    "frame": { "x": 1280, "y": 1440, "w": 160, "h": 160 },
    "rotated": false,
    "trimmed": false,
    "spriteSourceSize": { "x": 0, "y": 0, "w": 160, "h": 160 },
    "sourceSize": { "w": 160, "h": 160 },
    "duration": 100
   }
 },
 "meta": {
  "app": "http://www.aseprite.org/",
  "version": "1.2.25-dev",
  "image": "Icon-Spritesheet-160.png",
  "format": "RGBA8888",
  "size": { "w": 1440, "h": 1600 },
  "scale": "1",
  "frameTags": [
  ],
  "layers": [
   { "name": "Layer 1", "opacity": 255, "blendMode": "normal" }
  ],
  "slices": [
  ]
 }
}
